{
  "data": {
    "1": [
      {
        "id": "1",
        "district_name": "Srikakulam"
      },
      {
        "id": "2",
        "district_name": "Parvathipuram Manyam"
      },
      {
        "id": "3",
        "district_name": "Vizianagaram"
      },
      {
        "id": "4",
        "district_name": "Visakhapatnam"
      },
      {
        "id": "5",
        "district_name": "Alluri Sitharama Raju"
      },
      {
        "id": "6",
        "district_name": "Anakapalli"
      },
      {
        "id": "7",
        "district_name": "Kakinada"
      },
      {
        "id": "8",
        "district_name": "East Godavari"
      },
      {
        "id": "9",
        "district_name": "Dr. B. R. Ambedkar Konaseema"
      },
      {
        "id": "10",
        "district_name": "Eluru"
      },
      {
        "id": "11",
        "district_name": "West Godavari"
      },
      {
        "id": "12",
        "district_name": "NTR District"
      },
      {
        "id": "13",
        "district_name": "Krishna"
      },
      {
        "id": "14",
        "district_name": "Palnadu"
      },
      {
        "id": "15",
        "district_name": "Guntur"
      },
      {
        "id": "16",
        "district_name": "Bapatla"
      },
      {
        "id": "17",
        "district_name": "Prakasam"
      },
      {
        "id": "18",
        "district_name": "Sri Potti Sriramulu Nellore"
      },
      {
        "id": "19",
        "district_name": "Kurnool"
      },
      {
        "id": "20",
        "district_name": "Nandyal"
      },
      {
        "id": "21",
        "district_name": "Anantapur"
      },
      {
        "id": "22",
        "district_name": "Sri Sathya Sai"
      },
      {
        "id": "23",
        "district_name": "Kadapa (YSR Kadapa)"
      },
      {
        "id": "24",
        "district_name": "Annamayya"
      },
      {
        "id": "25",
        "district_name": "Tirupati"
      },
      {
        "id": "26",
        "district_name": "Chittoor"
      }
    ],
    "2": [
      {
        "id": "27",
        "district_name": "Anjaw"
      },
      {
        "id": "28",
        "district_name": "Changlang"
      },
      {
        "id": "29",
        "district_name": "Dibang Valley"
      },
      {
        "id": "30",
        "district_name": "East Kameng"
      },
      {
        "id": "31",
        "district_name": "East Siang"
      },
      {
        "id": "32",
        "district_name": "Itanagar (Capital region)"
      },
      {
        "id": "33",
        "district_name": "Kamle"
      },
      {
        "id": "34",
        "district_name": "Kra Daadi"
      },
      {
        "id": "35",
        "district_name": "Kurung Kumey"
      },
      {
        "id": "36",
        "district_name": "Lepa-Rada"
      },
      {
        "id": "37",
        "district_name": "Lohit"
      },
      {
        "id": "38",
        "district_name": "Longding"
      },
      {
        "id": "39",
        "district_name": "Lower Dibang Valley"
      },
      {
        "id": "40",
        "district_name": "Lower Siang"
      },
      {
        "id": "41",
        "district_name": "Lower Subansiri"
      },
      {
        "id": "42",
        "district_name": "Namsai"
      },
      {
        "id": "43",
        "district_name": "Pakke-Kessang"
      },
      {
        "id": "44",
        "district_name": "Papum Pare"
      },
      {
        "id": "45",
        "district_name": "Shi-Yomi"
      },
      {
        "id": "46",
        "district_name": "Siang"
      },
      {
        "id": "47",
        "district_name": "Tawang"
      },
      {
        "id": "48",
        "district_name": "Tirap"
      },
      {
        "id": "49",
        "district_name": "Upper Siang"
      },
      {
        "id": "50",
        "district_name": "Upper Subansiri"
      },
      {
        "id": "51",
        "district_name": "West Kameng"
      },
      {
        "id": "52",
        "district_name": "West Siang"
      },
      {
        "id": "53",
        "district_name": "Yaing"
      },
      {
        "id": "54",
        "district_name": "Keyi Panyor"
      },
      {
        "id": "55",
        "district_name": "Bichom"
      }
    ],
    "3": [
      {
        "id": "56",
        "district_name": "Baksa"
      },
      {
        "id": "57",
        "district_name": "Barpeta"
      },
      {
        "id": "58",
        "district_name": "Bajali"
      },
      {
        "id": "59",
        "district_name": "Bongaigaon"
      },
      {
        "id": "60",
        "district_name": "Cachar"
      },
      {
        "id": "61",
        "district_name": "Charaideo"
      },
      {
        "id": "62",
        "district_name": "Chirang"
      },
      {
        "id": "63",
        "district_name": "Darrang"
      },
      {
        "id": "64",
        "district_name": "Dhemaji"
      },
      {
        "id": "65",
        "district_name": "Dhubri"
      },
      {
        "id": "66",
        "district_name": "Dibrugarh"
      },
      {
        "id": "67",
        "district_name": "Dima Hasao"
      },
      {
        "id": "68",
        "district_name": "Goalpara"
      },
      {
        "id": "69",
        "district_name": "Golaghat"
      },
      {
        "id": "70",
        "district_name": "Hailakandi"
      },
      {
        "id": "71",
        "district_name": "Hojai"
      },
      {
        "id": "72",
        "district_name": "Jorhat"
      },
      {
        "id": "73",
        "district_name": "Kamrup Metropolitan"
      },
      {
        "id": "74",
        "district_name": "Kamrup Rural"
      },
      {
        "id": "75",
        "district_name": "Karbi Anglong"
      },
      {
        "id": "76",
        "district_name": "Karimganj"
      },
      {
        "id": "77",
        "district_name": "Kokrajhar"
      },
      {
        "id": "78",
        "district_name": "Lakhimpur"
      },
      {
        "id": "79",
        "district_name": "Majuli"
      },
      {
        "id": "80",
        "district_name": "Morigaon"
      },
      {
        "id": "81",
        "district_name": "Nagaon"
      },
      {
        "id": "82",
        "district_name": "Nalbari"
      },
      {
        "id": "83",
        "district_name": "Sivasagar"
      },
      {
        "id": "84",
        "district_name": "Sonitpur"
      },
      {
        "id": "85",
        "district_name": "South Salmara-Mankachar"
      },
      {
        "id": "86",
        "district_name": "Tamulpur"
      },
      {
        "id": "87",
        "district_name": "Tinsukia"
      },
      {
        "id": "88",
        "district_name": "Udalguri"
      },
      {
        "id": "89",
        "district_name": "West Karbi Anglong"
      },
      {
        "id": "90",
        "district_name": "Biswanath"
      }
    ],
    "4": [
      {
        "id": "91",
        "district_name": "Araria"
      },
      {
        "id": "92",
        "district_name": "Arwal"
      },
      {
        "id": "93",
        "district_name": "Aurangabad"
      },
      {
        "id": "94",
        "district_name": "Banka"
      },
      {
        "id": "95",
        "district_name": "Begusarai"
      },
      {
        "id": "96",
        "district_name": "Bhagalpur"
      },
      {
        "id": "97",
        "district_name": "Bhojpur"
      },
      {
        "id": "98",
        "district_name": "Buxar"
      },
      {
        "id": "99",
        "district_name": "Darbhanga"
      },
      {
        "id": "100",
        "district_name": "East Champaran"
      },
      {
        "id": "101",
        "district_name": "Gaya"
      },
      {
        "id": "102",
        "district_name": "Gopalganj"
      },
      {
        "id": "103",
        "district_name": "Jamui"
      },
      {
        "id": "104",
        "district_name": "Jehanabad"
      },
      {
        "id": "105",
        "district_name": "Kaimur"
      },
      {
        "id": "106",
        "district_name": "Katihar"
      },
      {
        "id": "107",
        "district_name": "Khagaria"
      },
      {
        "id": "108",
        "district_name": "Kishanganj"
      },
      {
        "id": "109",
        "district_name": "Lakhisarai"
      },
      {
        "id": "110",
        "district_name": "Madhepura"
      },
      {
        "id": "111",
        "district_name": "Madhubani"
      },
      {
        "id": "112",
        "district_name": "Munger"
      },
      {
        "id": "113",
        "district_name": "Muzaffarpur"
      },
      {
        "id": "114",
        "district_name": "Nalanda"
      },
      {
        "id": "115",
        "district_name": "Nawada"
      },
      {
        "id": "116",
        "district_name": "Patna"
      },
      {
        "id": "117",
        "district_name": "Purnia"
      },
      {
        "id": "118",
        "district_name": "Rohtas"
      },
      {
        "id": "119",
        "district_name": "Saharsa"
      },
      {
        "id": "120",
        "district_name": "Samastipur"
      },
      {
        "id": "121",
        "district_name": "Saran"
      },
      {
        "id": "122",
        "district_name": "Sheikhpura"
      },
      {
        "id": "123",
        "district_name": "Sheohar"
      },
      {
        "id": "124",
        "district_name": "Sitamarhi"
      },
      {
        "id": "125",
        "district_name": "Siwan"
      },
      {
        "id": "126",
        "district_name": "Supaul"
      },
      {
        "id": "127",
        "district_name": "Vaishali"
      },
      {
        "id": "128",
        "district_name": "West Champaran"
      }
    ],
    "5": [
      {
        "id": "129",
        "district_name": "Balod"
      },
      {
        "id": "130",
        "district_name": "Baloda Bazar"
      },
      {
        "id": "131",
        "district_name": "Balrampur"
      },
      {
        "id": "132",
        "district_name": "Bastar"
      },
      {
        "id": "133",
        "district_name": "Bemetara"
      },
      {
        "id": "134",
        "district_name": "Bijapur"
      },
      {
        "id": "135",
        "district_name": "Bilaspur"
      },
      {
        "id": "136",
        "district_name": "Dantewada"
      },
      {
        "id": "137",
        "district_name": "Dhamtari"
      },
      {
        "id": "138",
        "district_name": "Durg"
      },
      {
        "id": "139",
        "district_name": "Gariaband"
      },
      {
        "id": "140",
        "district_name": "Gaurella-Pendra-Marwahi"
      },
      {
        "id": "141",
        "district_name": "Janjgir-Champa"
      },
      {
        "id": "142",
        "district_name": "Jashpur"
      },
      {
        "id": "143",
        "district_name": "Kabirdham (Kawardha)"
      },
      {
        "id": "144",
        "district_name": "Kanker"
      },
      {
        "id": "145",
        "district_name": "Kondagaon"
      },
      {
        "id": "146",
        "district_name": "Khairagarh-Chhuikhadan-Gandai"
      },
      {
        "id": "147",
        "district_name": "Korba"
      },
      {
        "id": "148",
        "district_name": "Koriya"
      },
      {
        "id": "149",
        "district_name": "Mahasamund"
      },
      {
        "id": "150",
        "district_name": "Manendragarh-Chirmiri-Bharatpur"
      },
      {
        "id": "151",
        "district_name": "Mohla-Manpur-Ambagarh Chowki"
      },
      {
        "id": "152",
        "district_name": "Mungeli"
      },
      {
        "id": "153",
        "district_name": "Narayanpur"
      },
      {
        "id": "154",
        "district_name": "Raigarh"
      },
      {
        "id": "155",
        "district_name": "Raipur"
      },
      {
        "id": "156",
        "district_name": "Rajnandgaon"
      },
      {
        "id": "157",
        "district_name": "Sarangarh-Bilaigarh"
      },
      {
        "id": "158",
        "district_name": "Sakti"
      },
      {
        "id": "159",
        "district_name": "Sukma"
      },
      {
        "id": "160",
        "district_name": "Surajpur"
      },
      {
        "id": "161",
        "district_name": "Surguja"
      }
    ],
    "6": [
      {
        "id": "162",
        "district_name": "North Goa"
      },
      {
        "id": "163",
        "district_name": "South Goa"
      }
    ],
    "7": [
      {
        "id": "164",
        "district_name": "Ahmedabad"
      },
      {
        "id": "165",
        "district_name": "Amreli"
      },
      {
        "id": "166",
        "district_name": "Anand"
      },
      {
        "id": "167",
        "district_name": "Aravalli"
      },
      {
        "id": "168",
        "district_name": "Banaskantha"
      },
      {
        "id": "169",
        "district_name": "Bharuch"
      },
      {
        "id": "170",
        "district_name": "Bhavnagar"
      },
      {
        "id": "171",
        "district_name": "Botad"
      },
      {
        "id": "172",
        "district_name": "Chhota Udaipur"
      },
      {
        "id": "173",
        "district_name": "Dahod"
      },
      {
        "id": "174",
        "district_name": "Dang"
      },
      {
        "id": "175",
        "district_name": "Devbhoomi Dwarka"
      },
      {
        "id": "176",
        "district_name": "Gandhinagar"
      },
      {
        "id": "177",
        "district_name": "Gir Somnath"
      },
      {
        "id": "178",
        "district_name": "Jamnagar"
      },
      {
        "id": "179",
        "district_name": "Junagadh"
      },
      {
        "id": "180",
        "district_name": "Kheda"
      },
      {
        "id": "181",
        "district_name": "Mahisagar"
      },
      {
        "id": "182",
        "district_name": "Mehsana"
      },
      {
        "id": "183",
        "district_name": "Morbi"
      },
      {
        "id": "184",
        "district_name": "Narmada"
      },
      {
        "id": "185",
        "district_name": "Navsari"
      },
      {
        "id": "186",
        "district_name": "Panchmahal"
      },
      {
        "id": "187",
        "district_name": "Patan"
      },
      {
        "id": "188",
        "district_name": "Porbandar"
      },
      {
        "id": "189",
        "district_name": "Rajkot"
      },
      {
        "id": "190",
        "district_name": "Sabarkantha"
      },
      {
        "id": "191",
        "district_name": "Surat"
      },
      {
        "id": "192",
        "district_name": "Surendranagar"
      },
      {
        "id": "193",
        "district_name": "Tapi"
      },
      {
        "id": "194",
        "district_name": "Vadodara"
      },
      {
        "id": "195",
        "district_name": "Valsad"
      }
    ],
    "8": [
      {
        "id": "196",
        "district_name": "Ambala"
      },
      {
        "id": "197",
        "district_name": "Bhiwani"
      },
      {
        "id": "198",
        "district_name": "Charkhi Dadri"
      },
      {
        "id": "199",
        "district_name": "Faridabad"
      },
      {
        "id": "200",
        "district_name": "Fatehabad"
      },
      {
        "id": "201",
        "district_name": "Gurugram"
      },
      {
        "id": "202",
        "district_name": "Hisar"
      },
      {
        "id": "203",
        "district_name": "Jhajjar"
      },
      {
        "id": "204",
        "district_name": "Jind"
      },
      {
        "id": "205",
        "district_name": "Kaithal"
      },
      {
        "id": "206",
        "district_name": "Karnal"
      },
      {
        "id": "207",
        "district_name": "Kurukshetra"
      },
      {
        "id": "208",
        "district_name": "Mahendragarh"
      },
      {
        "id": "209",
        "district_name": "Mewat (Nuh)"
      },
      {
        "id": "210",
        "district_name": "Palwal"
      },
      {
        "id": "211",
        "district_name": "Panchkula"
      },
      {
        "id": "212",
        "district_name": "Panipat"
      },
      {
        "id": "213",
        "district_name": "Rewari"
      },
      {
        "id": "214",
        "district_name": "Rohtak"
      },
      {
        "id": "215",
        "district_name": "Sirsa"
      },
      {
        "id": "216",
        "district_name": "Sonipat"
      },
      {
        "id": "217",
        "district_name": "Yamunanagar"
      }
    ],
    "9": [
      {
        "id": "218",
        "district_name": "Bilaspur"
      },
      {
        "id": "219",
        "district_name": "Chamba"
      },
      {
        "id": "220",
        "district_name": "Hamirpur"
      },
      {
        "id": "221",
        "district_name": "Kangra"
      },
      {
        "id": "222",
        "district_name": "Kinnaur"
      },
      {
        "id": "223",
        "district_name": "Kullu"
      },
      {
        "id": "224",
        "district_name": "Lahaul and Spiti"
      },
      {
        "id": "225",
        "district_name": "Mandi"
      },
      {
        "id": "226",
        "district_name": "Shimla"
      },
      {
        "id": "227",
        "district_name": "Sirmaur"
      },
      {
        "id": "228",
        "district_name": "Solan"
      },
      {
        "id": "229",
        "district_name": "Una"
      }
    ],
    "10": [
      {
        "id": "230",
        "district_name": "Bokaro"
      },
      {
        "id": "231",
        "district_name": "Chatra"
      },
      {
        "id": "232",
        "district_name": "Deoghar"
      },
      {
        "id": "233",
        "district_name": "Dhanbad"
      },
      {
        "id": "234",
        "district_name": "Dumka"
      },
      {
        "id": "235",
        "district_name": "East Singhbhum"
      },
      {
        "id": "236",
        "district_name": "Garhwa"
      },
      {
        "id": "237",
        "district_name": "Giridih"
      },
      {
        "id": "238",
        "district_name": "Godda"
      },
      {
        "id": "239",
        "district_name": "Gumla"
      },
      {
        "id": "240",
        "district_name": "Hazaribagh"
      },
      {
        "id": "241",
        "district_name": "Jamtara"
      },
      {
        "id": "242",
        "district_name": "Khunti"
      },
      {
        "id": "243",
        "district_name": "Koderma"
      },
      {
        "id": "244",
        "district_name": "Latehar"
      },
      {
        "id": "245",
        "district_name": "Lohardaga"
      },
      {
        "id": "246",
        "district_name": "Pakur"
      },
      {
        "id": "247",
        "district_name": "Palamu"
      },
      {
        "id": "248",
        "district_name": "Ramgarh"
      },
      {
        "id": "249",
        "district_name": "Ranchi"
      },
      {
        "id": "250",
        "district_name": "Sahibganj"
      },
      {
        "id": "251",
        "district_name": "Seraikela-Kharsawan"
      },
      {
        "id": "252",
        "district_name": "Simdega"
      },
      {
        "id": "253",
        "district_name": "West Singhbhum"
      }
    ],
    "11": [
      {
        "id": "254",
        "district_name": "Bagalkot"
      },
      {
        "id": "255",
        "district_name": "Ballari"
      },
      {
        "id": "256",
        "district_name": "Belagavi"
      },
      {
        "id": "257",
        "district_name": "Bengaluru Rural"
      },
      {
        "id": "258",
        "district_name": "Bengaluru Urban"
      },
      {
        "id": "259",
        "district_name": "Bidar"
      },
      {
        "id": "260",
        "district_name": "Chamarajanagar"
      },
      {
        "id": "261",
        "district_name": "Chikballapur"
      },
      {
        "id": "262",
        "district_name": "Chikkamagaluru"
      },
      {
        "id": "263",
        "district_name": "Chitradurga"
      },
      {
        "id": "264",
        "district_name": "Dakshina Kannada"
      },
      {
        "id": "265",
        "district_name": "Davangere"
      },
      {
        "id": "266",
        "district_name": "Dharwad"
      },
      {
        "id": "267",
        "district_name": "Gadag"
      },
      {
        "id": "268",
        "district_name": "Hassan"
      },
      {
        "id": "269",
        "district_name": "Haveri"
      },
      {
        "id": "270",
        "district_name": "Kalaburagi"
      },
      {
        "id": "271",
        "district_name": "Kodagu"
      },
      {
        "id": "272",
        "district_name": "Kolar"
      },
      {
        "id": "273",
        "district_name": "Koppal"
      },
      {
        "id": "274",
        "district_name": "Mandya"
      },
      {
        "id": "275",
        "district_name": "Mysuru"
      },
      {
        "id": "276",
        "district_name": "Raichur"
      },
      {
        "id": "277",
        "district_name": "Ramanagara"
      },
      {
        "id": "278",
        "district_name": "Shivamogga"
      },
      {
        "id": "279",
        "district_name": "Tumakuru"
      },
      {
        "id": "280",
        "district_name": "Udupi"
      },
      {
        "id": "281",
        "district_name": "Uttara Kannada"
      },
      {
        "id": "282",
        "district_name": "Vijayapura"
      },
      {
        "id": "283",
        "district_name": "Yadgir"
      }
    ],
    "12": [
      {
        "id": "284",
        "district_name": "Alappuzha"
      },
      {
        "id": "285",
        "district_name": "Ernakulam"
      },
      {
        "id": "286",
        "district_name": "Idukki"
      },
      {
        "id": "287",
        "district_name": "Kannur"
      },
      {
        "id": "288",
        "district_name": "Kasaragod"
      },
      {
        "id": "289",
        "district_name": "Kollam"
      },
      {
        "id": "290",
        "district_name": "Kottayam"
      },
      {
        "id": "291",
        "district_name": "Kozhikode"
      },
      {
        "id": "292",
        "district_name": "Malappuram"
      },
      {
        "id": "293",
        "district_name": "Palakkad"
      },
      {
        "id": "294",
        "district_name": "Pathanamthitta"
      },
      {
        "id": "295",
        "district_name": "Thiruvananthapuram"
      },
      {
        "id": "296",
        "district_name": "Thrissur"
      },
      {
        "id": "297",
        "district_name": "Wayanad"
      }
    ],
    "13": [
      {
        "id": "298",
        "district_name": "Agar Malwa"
      },
      {
        "id": "299",
        "district_name": "Alirajpur"
      },
      {
        "id": "300",
        "district_name": "Anuppur"
      },
      {
        "id": "301",
        "district_name": "Ashoknagar"
      },
      {
        "id": "302",
        "district_name": "Balaghat"
      },
      {
        "id": "303",
        "district_name": "Barwani"
      },
      {
        "id": "304",
        "district_name": "Betul"
      },
      {
        "id": "305",
        "district_name": "Bhind"
      },
      {
        "id": "306",
        "district_name": "Bhopal"
      },
      {
        "id": "307",
        "district_name": "Burhanpur"
      },
      {
        "id": "308",
        "district_name": "Chhatarpur"
      },
      {
        "id": "309",
        "district_name": "Chhindwara"
      },
      {
        "id": "310",
        "district_name": "Damoh"
      },
      {
        "id": "311",
        "district_name": "Datia"
      },
      {
        "id": "312",
        "district_name": "Dewas"
      },
      {
        "id": "313",
        "district_name": "Dhar"
      },
      {
        "id": "314",
        "district_name": "Dindori"
      },
      {
        "id": "315",
        "district_name": "Guna"
      },
      {
        "id": "316",
        "district_name": "Gwalior"
      },
      {
        "id": "317",
        "district_name": "Harda"
      },
      {
        "id": "318",
        "district_name": "Hoshangabad"
      },
      {
        "id": "319",
        "district_name": "Indore"
      },
      {
        "id": "320",
        "district_name": "Jabalpur"
      },
      {
        "id": "321",
        "district_name": "Jhabua"
      },
      {
        "id": "322",
        "district_name": "Katni"
      },
      {
        "id": "323",
        "district_name": "Khandwa (East Nimar)"
      },
      {
        "id": "324",
        "district_name": "Khargone (West Nimar)"
      },
      {
        "id": "325",
        "district_name": "Mandla"
      },
      {
        "id": "326",
        "district_name": "Mandsaur"
      },
      {
        "id": "327",
        "district_name": "Morena"
      },
      {
        "id": "328",
        "district_name": "Narsinghpur"
      },
      {
        "id": "329",
        "district_name": "Neemuch"
      },
      {
        "id": "330",
        "district_name": "Panna"
      },
      {
        "id": "331",
        "district_name": "Raisen"
      },
      {
        "id": "332",
        "district_name": "Rajgarh"
      },
      {
        "id": "333",
        "district_name": "Ratlam"
      },
      {
        "id": "334",
        "district_name": "Rewa"
      },
      {
        "id": "335",
        "district_name": "Sagar"
      },
      {
        "id": "336",
        "district_name": "Satna"
      },
      {
        "id": "337",
        "district_name": "Sehore"
      },
      {
        "id": "338",
        "district_name": "Seoni"
      },
      {
        "id": "339",
        "district_name": "Shahdol"
      },
      {
        "id": "340",
        "district_name": "Shajapur"
      },
      {
        "id": "341",
        "district_name": "Sheopur"
      },
      {
        "id": "342",
        "district_name": "Shivpuri"
      },
      {
        "id": "343",
        "district_name": "Sidhi"
      },
      {
        "id": "344",
        "district_name": "Singrauli"
      },
      {
        "id": "345",
        "district_name": "Tikamgarh"
      },
      {
        "id": "346",
        "district_name": "Ujjain"
      },
      {
        "id": "347",
        "district_name": "Umaria"
      },
      {
        "id": "348",
        "district_name": "Vidisha"
      }
    ],
    "14": [
      {
        "id": "349",
        "district_name": "Ahmednagar"
      },
      {
        "id": "350",
        "district_name": "Akola"
      },
      {
        "id": "351",
        "district_name": "Amravati"
      },
      {
        "id": "352",
        "district_name": "Aurangabad"
      },
      {
        "id": "353",
        "district_name": "Beed"
      },
      {
        "id": "354",
        "district_name": "Bhandara"
      },
      {
        "id": "355",
        "district_name": "Buldhana"
      },
      {
        "id": "356",
        "district_name": "Chandrapur"
      },
      {
        "id": "357",
        "district_name": "Dhule"
      },
      {
        "id": "358",
        "district_name": "Gadchiroli"
      },
      {
        "id": "359",
        "district_name": "Gondia"
      },
      {
        "id": "360",
        "district_name": "Hingoli"
      },
      {
        "id": "361",
        "district_name": "Jalgaon"
      },
      {
        "id": "362",
        "district_name": "Jalna"
      },
      {
        "id": "363",
        "district_name": "Kolhapur"
      },
      {
        "id": "364",
        "district_name": "Latur"
      },
      {
        "id": "365",
        "district_name": "Mumbai City"
      },
      {
        "id": "366",
        "district_name": "Mumbai Suburban"
      },
      {
        "id": "367",
        "district_name": "Nagpur"
      },
      {
        "id": "368",
        "district_name": "Nanded"
      },
      {
        "id": "369",
        "district_name": "Nandurbar"
      },
      {
        "id": "370",
        "district_name": "Nashik"
      },
      {
        "id": "371",
        "district_name": "Osmanabad"
      },
      {
        "id": "372",
        "district_name": "Palghar"
      },
      {
        "id": "373",
        "district_name": "Parbhani"
      },
      {
        "id": "374",
        "district_name": "Pune"
      },
      {
        "id": "375",
        "district_name": "Raigad"
      },
      {
        "id": "376",
        "district_name": "Ratnagiri"
      },
      {
        "id": "377",
        "district_name": "Sangli"
      },
      {
        "id": "378",
        "district_name": "Satara"
      },
      {
        "id": "379",
        "district_name": "Sindhudurg"
      },
      {
        "id": "380",
        "district_name": "Solapur"
      },
      {
        "id": "381",
        "district_name": "Thane"
      },
      {
        "id": "382",
        "district_name": "Wardha"
      },
      {
        "id": "383",
        "district_name": "Washim"
      },
      {
        "id": "384",
        "district_name": "Yavatmal"
      }
    ],
    "15": [
      {
        "id": "385",
        "district_name": "Bishnupur"
      },
      {
        "id": "386",
        "district_name": "Chandel"
      },
      {
        "id": "387",
        "district_name": "Churachandpur"
      },
      {
        "id": "388",
        "district_name": "Imphal East"
      },
      {
        "id": "389",
        "district_name": "Imphal West"
      },
      {
        "id": "390",
        "district_name": "Jiribam"
      },
      {
        "id": "391",
        "district_name": "Kakching"
      },
      {
        "id": "392",
        "district_name": "Kamjong"
      },
      {
        "id": "393",
        "district_name": "Kangpokpi"
      },
      {
        "id": "394",
        "district_name": "Noney"
      },
      {
        "id": "395",
        "district_name": "Pherzawl"
      },
      {
        "id": "396",
        "district_name": "Senapati"
      },
      {
        "id": "397",
        "district_name": "Tamenglong"
      },
      {
        "id": "398",
        "district_name": "Tengnoupal"
      },
      {
        "id": "399",
        "district_name": "Thoubal"
      },
      {
        "id": "400",
        "district_name": "Ukhrul"
      }
    ],
    "16": [
      {
        "id": "401",
        "district_name": "East Garo Hills"
      },
      {
        "id": "402",
        "district_name": "East Jaintia Hills"
      },
      {
        "id": "403",
        "district_name": "East Khasi Hills"
      },
      {
        "id": "404",
        "district_name": "North Garo Hills"
      },
      {
        "id": "405",
        "district_name": "Ri Bhoi"
      },
      {
        "id": "406",
        "district_name": "South Garo Hills"
      },
      {
        "id": "407",
        "district_name": "South West Garo Hills"
      },
      {
        "id": "408",
        "district_name": "South West Khasi Hills"
      },
      {
        "id": "409",
        "district_name": "West Garo Hills"
      },
      {
        "id": "410",
        "district_name": "West Jaintia Hills"
      },
      {
        "id": "411",
        "district_name": "West Khasi Hills"
      },
      {
        "id": "412",
        "district_name": "North West Garo Hills"
      }
    ],
    "17": [
      {
        "id": "413",
        "district_name": "Aizawl"
      },
      {
        "id": "414",
        "district_name": "Champhai"
      },
      {
        "id": "415",
        "district_name": "Kolasib"
      },
      {
        "id": "416",
        "district_name": "Lawngtlai"
      },
      {
        "id": "417",
        "district_name": "Lunglei"
      },
      {
        "id": "418",
        "district_name": "Mamit"
      },
      {
        "id": "419",
        "district_name": "Saiha"
      },
      {
        "id": "420",
        "district_name": "Serchhip"
      },
      {
        "id": "421",
        "district_name": "Hnahthial"
      },
      {
        "id": "422",
        "district_name": "Saitual"
      },
      {
        "id": "423",
        "district_name": "Khawzawl"
      }
    ],
    "18": [
      {
        "id": "424",
        "district_name": "Dimapur"
      },
      {
        "id": "425",
        "district_name": "Kiphire"
      },
      {
        "id": "426",
        "district_name": "Kohima"
      },
      {
        "id": "427",
        "district_name": "Longleng"
      },
      {
        "id": "428",
        "district_name": "Mokokchung"
      },
      {
        "id": "429",
        "district_name": "Mon"
      },
      {
        "id": "430",
        "district_name": "Peren"
      },
      {
        "id": "431",
        "district_name": "Phek"
      },
      {
        "id": "432",
        "district_name": "Tuensang"
      },
      {
        "id": "433",
        "district_name": "Wokha"
      },
      {
        "id": "434",
        "district_name": "Zunheboto"
      },
      {
        "id": "435",
        "district_name": "Noklak"
      },
      {
        "id": "436",
        "district_name": "Tseminyu"
      },
      {
        "id": "437",
        "district_name": "Chumoukedima"
      },
      {
        "id": "438",
        "district_name": "Niuland"
      },
      {
        "id": "439",
        "district_name": "Kohima Rural"
      }
    ],
    "19": [
      {
        "id": "440",
        "district_name": "Angul"
      },
      {
        "id": "441",
        "district_name": "Balangir"
      },
      {
        "id": "442",
        "district_name": "Balasore"
      },
      {
        "id": "443",
        "district_name": "Bargarh"
      },
      {
        "id": "444",
        "district_name": "Bhadrak"
      },
      {
        "id": "445",
        "district_name": "Boudh"
      },
      {
        "id": "446",
        "district_name": "Cuttack"
      },
      {
        "id": "447",
        "district_name": "Debagarh"
      },
      {
        "id": "448",
        "district_name": "Dhenkanal"
      },
      {
        "id": "449",
        "district_name": "Gajapati"
      },
      {
        "id": "450",
        "district_name": "Ganjam"
      },
      {
        "id": "451",
        "district_name": "Jagatsinghpur"
      },
      {
        "id": "452",
        "district_name": "Jajpur"
      },
      {
        "id": "453",
        "district_name": "Jharsuguda"
      },
      {
        "id": "454",
        "district_name": "Kalahandi"
      },
      {
        "id": "455",
        "district_name": "Kandhamal"
      },
      {
        "id": "456",
        "district_name": "Kendrapara"
      },
      {
        "id": "457",
        "district_name": "Kendujhar (Keonjhar)"
      },
      {
        "id": "458",
        "district_name": "Khordha"
      },
      {
        "id": "459",
        "district_name": "Koraput"
      },
      {
        "id": "460",
        "district_name": "Malkangiri"
      },
      {
        "id": "461",
        "district_name": "Mayurbhanj"
      },
      {
        "id": "462",
        "district_name": "Nabarangpur"
      },
      {
        "id": "463",
        "district_name": "Nuapada"
      },
      {
        "id": "464",
        "district_name": "Puri"
      },
      {
        "id": "465",
        "district_name": "Rayagada"
      },
      {
        "id": "466",
        "district_name": "Sambalpur"
      },
      {
        "id": "467",
        "district_name": "Sonepur"
      },
      {
        "id": "468",
        "district_name": "Sundargarh"
      }
    ],
    "20": [
      {
        "id": "469",
        "district_name": "Amritsar"
      },
      {
        "id": "470",
        "district_name": "Barnala"
      },
      {
        "id": "471",
        "district_name": "Bathinda"
      },
      {
        "id": "472",
        "district_name": "Faridkot"
      },
      {
        "id": "473",
        "district_name": "Fatehgarh Sahib"
      },
      {
        "id": "474",
        "district_name": "Fazilka"
      },
      {
        "id": "475",
        "district_name": "Ferozepur"
      },
      {
        "id": "476",
        "district_name": "Gurdaspur"
      },
      {
        "id": "477",
        "district_name": "Hoshiarpur"
      },
      {
        "id": "478",
        "district_name": "Jalandhar"
      },
      {
        "id": "479",
        "district_name": "Kapurthala"
      },
      {
        "id": "480",
        "district_name": "Ludhiana"
      },
      {
        "id": "481",
        "district_name": "Mansa"
      },
      {
        "id": "482",
        "district_name": "Moga"
      },
      {
        "id": "483",
        "district_name": "Mohali (S.A.S. Nagar)"
      },
      {
        "id": "484",
        "district_name": "Muktsar"
      },
      {
        "id": "485",
        "district_name": "Pathankot"
      },
      {
        "id": "486",
        "district_name": "Patiala"
      },
      {
        "id": "487",
        "district_name": "Rupnagar"
      },
      {
        "id": "488",
        "district_name": "Sangrur"
      },
      {
        "id": "489",
        "district_name": "SAS Nagar"
      },
      {
        "id": "490",
        "district_name": "Tarn Taran"
      },
      {
        "id": "491",
        "district_name": "Ferozepur Rural"
      }
    ],
    "21": [
      {
        "id": "492",
        "district_name": "Ajmer"
      },
      {
        "id": "493",
        "district_name": "Alwar"
      },
      {
        "id": "494",
        "district_name": "Banswara"
      },
      {
        "id": "495",
        "district_name": "Baran"
      },
      {
        "id": "496",
        "district_name": "Barmer"
      },
      {
        "id": "497",
        "district_name": "Bharatpur"
      },
      {
        "id": "498",
        "district_name": "Bhilwara"
      },
      {
        "id": "499",
        "district_name": "Bikaner"
      },
      {
        "id": "500",
        "district_name": "Bundi"
      },
      {
        "id": "501",
        "district_name": "Chittorgarh"
      },
      {
        "id": "502",
        "district_name": "Churu"
      },
      {
        "id": "503",
        "district_name": "Dausa"
      },
      {
        "id": "504",
        "district_name": "Dholpur"
      },
      {
        "id": "505",
        "district_name": "Dungarpur"
      },
      {
        "id": "506",
        "district_name": "Ganganagar"
      },
      {
        "id": "507",
        "district_name": "Hanumangarh"
      },
      {
        "id": "508",
        "district_name": "Jaipur"
      },
      {
        "id": "509",
        "district_name": "Jaisalmer"
      },
      {
        "id": "510",
        "district_name": "Jalore"
      },
      {
        "id": "511",
        "district_name": "Jhalawar"
      },
      {
        "id": "512",
        "district_name": "Jhunjhunu"
      },
      {
        "id": "513",
        "district_name": "Jodhpur"
      },
      {
        "id": "514",
        "district_name": "Karauli"
      },
      {
        "id": "515",
        "district_name": "Kota"
      },
      {
        "id": "516",
        "district_name": "Nagaur"
      },
      {
        "id": "517",
        "district_name": "Pali"
      },
      {
        "id": "518",
        "district_name": "Pratapgarh"
      },
      {
        "id": "519",
        "district_name": "Rajsamand"
      },
      {
        "id": "520",
        "district_name": "Sawai Madhopur"
      },
      {
        "id": "521",
        "district_name": "Sikar"
      },
      {
        "id": "522",
        "district_name": "Sirohi"
      },
      {
        "id": "523",
        "district_name": "Tonk"
      },
      {
        "id": "524",
        "district_name": "Udaipur"
      }
    ],
    "22": [
      {
        "id": "525",
        "district_name": "East Sikkim"
      },
      {
        "id": "526",
        "district_name": "North Sikkim"
      },
      {
        "id": "527",
        "district_name": "South Sikkim"
      },
      {
        "id": "528",
        "district_name": "West Sikkim"
      },
      {
        "id": "529",
        "district_name": "Pakyong"
      },
      {
        "id": "530",
        "district_name": "Soreng"
      }
    ],
    "23": [
      {
        "id": "531",
        "district_name": "Ariyalur"
      },
      {
        "id": "532",
        "district_name": "Chengalpattu"
      },
      {
        "id": "533",
        "district_name": "Chennai"
      },
      {
        "id": "534",
        "district_name": "Coimbatore"
      },
      {
        "id": "535",
        "district_name": "Cuddalore"
      },
      {
        "id": "536",
        "district_name": "Dharmapuri"
      },
      {
        "id": "537",
        "district_name": "Dindigul"
      },
      {
        "id": "538",
        "district_name": "Erode"
      },
      {
        "id": "539",
        "district_name": "Kallakurichi"
      },
      {
        "id": "540",
        "district_name": "Kanchipuram"
      },
      {
        "id": "541",
        "district_name": "Kanyakumari"
      },
      {
        "id": "542",
        "district_name": "Karur"
      },
      {
        "id": "543",
        "district_name": "Krishnagiri"
      },
      {
        "id": "544",
        "district_name": "Madurai"
      },
      {
        "id": "545",
        "district_name": "Nagapattinam"
      },
      {
        "id": "546",
        "district_name": "Namakkal"
      },
      {
        "id": "547",
        "district_name": "Nilgiris"
      },
      {
        "id": "548",
        "district_name": "Perambalur"
      },
      {
        "id": "549",
        "district_name": "Pudukkottai"
      },
      {
        "id": "550",
        "district_name": "Ramanathapuram"
      },
      {
        "id": "551",
        "district_name": "Ranipet"
      },
      {
        "id": "552",
        "district_name": "Salem"
      },
      {
        "id": "553",
        "district_name": "Sivaganga"
      },
      {
        "id": "554",
        "district_name": "Tenkasi"
      },
      {
        "id": "555",
        "district_name": "Thanjavur"
      },
      {
        "id": "556",
        "district_name": "Theni"
      },
      {
        "id": "557",
        "district_name": "Thoothukudi"
      },
      {
        "id": "558",
        "district_name": "Tiruchirappalli"
      },
      {
        "id": "559",
        "district_name": "Tirunelveli"
      },
      {
        "id": "560",
        "district_name": "Tirupattur"
      },
      {
        "id": "561",
        "district_name": "Tiruppur"
      },
      {
        "id": "562",
        "district_name": "Tiruvallur"
      },
      {
        "id": "563",
        "district_name": "Tiruvannamalai"
      },
      {
        "id": "564",
        "district_name": "Tiruvarur"
      },
      {
        "id": "565",
        "district_name": "Vellore"
      },
      {
        "id": "566",
        "district_name": "Viluppuram"
      },
      {
        "id": "567",
        "district_name": "Virudhunagar"
      }
    ],
    "24": [
      {
        "id": "568",
        "district_name": "Adilabad"
      },
      {
        "id": "569",
        "district_name": "Bhadradri Kothagudem"
      },
      {
        "id": "570",
        "district_name": "Hyderabad"
      },
      {
        "id": "571",
        "district_name": "Jagtial"
      },
      {
        "id": "572",
        "district_name": "Jangaon"
      },
      {
        "id": "573",
        "district_name": "Jayashankar Bhupalpally"
      },
      {
        "id": "574",
        "district_name": "Jogulamba Gadwal"
      },
      {
        "id": "575",
        "district_name": "Kamareddy"
      },
      {
        "id": "576",
        "district_name": "Karimnagar"
      },
      {
        "id": "577",
        "district_name": "Khammam"
      },
      {
        "id": "578",
        "district_name": "Komaram Bheem Asifabad"
      },
      {
        "id": "579",
        "district_name": "Mahabubabad"
      },
      {
        "id": "580",
        "district_name": "Mahbubnagar"
      },
      {
        "id": "581",
        "district_name": "Mancherial"
      },
      {
        "id": "582",
        "district_name": "Medak"
      },
      {
        "id": "583",
        "district_name": "Medchal-Malkajgiri"
      },
      {
        "id": "584",
        "district_name": "Mulugu"
      },
      {
        "id": "585",
        "district_name": "Nagarkurnool"
      },
      {
        "id": "586",
        "district_name": "Nalgonda"
      },
      {
        "id": "587",
        "district_name": "Narayanpet"
      },
      {
        "id": "588",
        "district_name": "Nirmal"
      },
      {
        "id": "589",
        "district_name": "Nizamabad"
      },
      {
        "id": "590",
        "district_name": "Peddapalli"
      },
      {
        "id": "591",
        "district_name": "Rajanna Sircilla"
      },
      {
        "id": "592",
        "district_name": "Rangareddy"
      },
      {
        "id": "593",
        "district_name": "Sangareddy"
      },
      {
        "id": "594",
        "district_name": "Siddipet"
      },
      {
        "id": "595",
        "district_name": "Suryapet"
      },
      {
        "id": "596",
        "district_name": "Vikarabad"
      },
      {
        "id": "597",
        "district_name": "Wanaparthy"
      },
      {
        "id": "598",
        "district_name": "Warangal Rural"
      },
      {
        "id": "599",
        "district_name": "Warangal Urban"
      },
      {
        "id": "600",
        "district_name": "Yadadri Bhuvanagiri"
      }
    ],
    "25": [
      {
        "id": "601",
        "district_name": "Dhalai"
      },
      {
        "id": "602",
        "district_name": "Gomati"
      },
      {
        "id": "603",
        "district_name": "Khowai"
      },
      {
        "id": "604",
        "district_name": "North Tripura"
      },
      {
        "id": "605",
        "district_name": "Sepahijala"
      },
      {
        "id": "606",
        "district_name": "South Tripura"
      },
      {
        "id": "607",
        "district_name": "Unakoti"
      },
      {
        "id": "608",
        "district_name": "West Tripura"
      }
    ],
    "26": [
      {
        "id": "609",
        "district_name": "Almora"
      },
      {
        "id": "610",
        "district_name": "Bageshwar"
      },
      {
        "id": "611",
        "district_name": "Chamoli"
      },
      {
        "id": "612",
        "district_name": "Champawat"
      },
      {
        "id": "613",
        "district_name": "Dehradun"
      },
      {
        "id": "614",
        "district_name": "Haridwar"
      },
      {
        "id": "615",
        "district_name": "Nainital"
      },
      {
        "id": "616",
        "district_name": "Pauri Garhwal"
      },
      {
        "id": "617",
        "district_name": "Pithoragarh"
      },
      {
        "id": "618",
        "district_name": "Rudraprayag"
      },
      {
        "id": "619",
        "district_name": "Tehri Garhwal"
      },
      {
        "id": "620",
        "district_name": "Udham Singh Nagar"
      },
      {
        "id": "621",
        "district_name": "Uttarkashi"
      }
    ],
    "27": [
      {
        "id": "622",
        "district_name": "Agra"
      },
      {
        "id": "623",
        "district_name": "Aligarh"
      },
      {
        "id": "624",
        "district_name": "Ambedkar Nagar"
      },
      {
        "id": "625",
        "district_name": "Amethi"
      },
      {
        "id": "626",
        "district_name": "Amroha"
      },
      {
        "id": "627",
        "district_name": "Auraiya"
      },
      {
        "id": "628",
        "district_name": "Ayodhya"
      },
      {
        "id": "629",
        "district_name": "Azamgarh"
      },
      {
        "id": "630",
        "district_name": "Baghpat"
      },
      {
        "id": "631",
        "district_name": "Bahraich"
      },
      {
        "id": "632",
        "district_name": "Ballia"
      },
      {
        "id": "633",
        "district_name": "Balrampur"
      },
      {
        "id": "634",
        "district_name": "Banda"
      },
      {
        "id": "635",
        "district_name": "Barabanki"
      },
      {
        "id": "636",
        "district_name": "Bareilly"
      },
      {
        "id": "637",
        "district_name": "Basti"
      },
      {
        "id": "638",
        "district_name": "Bhadohi"
      },
      {
        "id": "639",
        "district_name": "Bijnor"
      },
      {
        "id": "640",
        "district_name": "Bulandshahr"
      },
      {
        "id": "641",
        "district_name": "Chandauli"
      },
      {
        "id": "642",
        "district_name": "Chitrakoot"
      },
      {
        "id": "643",
        "district_name": "Deoria"
      },
      {
        "id": "644",
        "district_name": "Etah"
      },
      {
        "id": "645",
        "district_name": "Etawah"
      },
      {
        "id": "646",
        "district_name": "Faizabad"
      },
      {
        "id": "647",
        "district_name": "Farrukhabad"
      },
      {
        "id": "648",
        "district_name": "Fatehpur"
      },
      {
        "id": "649",
        "district_name": "Firozabad"
      },
      {
        "id": "650",
        "district_name": "Gautam Buddha Nagar"
      },
      {
        "id": "651",
        "district_name": "Ghaziabad"
      },
      {
        "id": "652",
        "district_name": "Ghazipur"
      },
      {
        "id": "653",
        "district_name": "Gonda"
      },
      {
        "id": "654",
        "district_name": "Gorakhpur"
      },
      {
        "id": "655",
        "district_name": "Hamirpur"
      },
      {
        "id": "656",
        "district_name": "Hapur"
      },
      {
        "id": "657",
        "district_name": "Hardoi"
      },
      {
        "id": "658",
        "district_name": "Hathras"
      },
      {
        "id": "659",
        "district_name": "Jalaun"
      },
      {
        "id": "660",
        "district_name": "Jaunpur"
      },
      {
        "id": "661",
        "district_name": "Jhansi"
      },
      {
        "id": "662",
        "district_name": "Kannauj"
      },
      {
        "id": "663",
        "district_name": "Kanpur Dehat"
      },
      {
        "id": "664",
        "district_name": "Kanpur Nagar"
      },
      {
        "id": "665",
        "district_name": "Kasganj"
      },
      {
        "id": "666",
        "district_name": "Kaushambi"
      },
      {
        "id": "667",
        "district_name": "Kushinagar"
      },
      {
        "id": "668",
        "district_name": "Lakhimpur Kheri"
      },
      {
        "id": "669",
        "district_name": "Lalitpur"
      },
      {
        "id": "670",
        "district_name": "Lucknow"
      },
      {
        "id": "671",
        "district_name": "Maharajganj"
      },
      {
        "id": "672",
        "district_name": "Mahoba"
      },
      {
        "id": "673",
        "district_name": "Mainpuri"
      },
      {
        "id": "674",
        "district_name": "Mathura"
      },
      {
        "id": "675",
        "district_name": "Mau"
      },
      {
        "id": "676",
        "district_name": "Meerut"
      },
      {
        "id": "677",
        "district_name": "Mirzapur"
      },
      {
        "id": "678",
        "district_name": "Moradabad"
      },
      {
        "id": "679",
        "district_name": "Muzaffarnagar"
      },
      {
        "id": "680",
        "district_name": "Pilibhit"
      },
      {
        "id": "681",
        "district_name": "Pratapgarh"
      },
      {
        "id": "682",
        "district_name": "Rae Bareli"
      },
      {
        "id": "683",
        "district_name": "Rampur"
      },
      {
        "id": "684",
        "district_name": "Saharanpur"
      },
      {
        "id": "685",
        "district_name": "Sambhal"
      },
      {
        "id": "686",
        "district_name": "Sant Kabir Nagar"
      },
      {
        "id": "687",
        "district_name": "Shahjahanpur"
      },
      {
        "id": "688",
        "district_name": "Shamli"
      },
      {
        "id": "689",
        "district_name": "Shrawasti"
      },
      {
        "id": "690",
        "district_name": "Siddharthnagar"
      },
      {
        "id": "691",
        "district_name": "Sitapur"
      },
      {
        "id": "692",
        "district_name": "Sonbhadra"
      },
      {
        "id": "693",
        "district_name": "Sultanpur"
      },
      {
        "id": "694",
        "district_name": "Unnao"
      },
      {
        "id": "695",
        "district_name": "Varanasi"
      }
    ],
    "28": [
      {
        "id": "696",
        "district_name": "Alipurduar"
      },
      {
        "id": "697",
        "district_name": "Bankura"
      },
      {
        "id": "698",
        "district_name": "Birbhum"
      },
      {
        "id": "699",
        "district_name": "Cooch Behar"
      },
      {
        "id": "700",
        "district_name": "Dakshin Dinajpur"
      },
      {
        "id": "701",
        "district_name": "Darjeeling"
      },
      {
        "id": "702",
        "district_name": "Hooghly"
      },
      {
        "id": "703",
        "district_name": "Howrah"
      },
      {
        "id": "704",
        "district_name": "Jalpaiguri"
      },
      {
        "id": "705",
        "district_name": "Jhargram"
      },
      {
        "id": "706",
        "district_name": "Kalimpong"
      },
      {
        "id": "707",
        "district_name": "Kolkata"
      },
      {
        "id": "708",
        "district_name": "Malda"
      },
      {
        "id": "709",
        "district_name": "Murshidabad"
      },
      {
        "id": "710",
        "district_name": "Nadia"
      },
      {
        "id": "711",
        "district_name": "North 24 Parganas"
      },
      {
        "id": "712",
        "district_name": "Paschim Bardhaman"
      },
      {
        "id": "713",
        "district_name": "Paschim Medinipur"
      },
      {
        "id": "714",
        "district_name": "Purba Bardhaman"
      },
      {
        "id": "715",
        "district_name": "Purba Medinipur"
      },
      {
        "id": "716",
        "district_name": "Purulia"
      },
      {
        "id": "717",
        "district_name": "South 24 Parganas"
      },
      {
        "id": "718",
        "district_name": "Uttar Dinajpur"
      }
    ],
    "29": [
      {
        "id": "719",
        "district_name": "Nicobar"
      },
      {
        "id": "720",
        "district_name": "North and Middle Andaman"
      },
      {
        "id": "721",
        "district_name": "South Andaman"
      }
    ],
    "30": [
      {
        "id": "722",
        "district_name": "Chandigarh"
      }
    ],
    "31": [
      {
        "id": "723",
        "district_name": "Dadra & Nagar Haveli"
      },
      {
        "id": "724",
        "district_name": "Daman"
      },
      {
        "id": "725",
        "district_name": "Diu"
      }
    ],
    "32": [
      {
        "id": "726",
        "district_name": "Agatti"
      },
      {
        "id": "727",
        "district_name": "Amini"
      },
      {
        "id": "728",
        "district_name": "Andrott"
      },
      {
        "id": "729",
        "district_name": "Kadmat"
      },
      {
        "id": "730",
        "district_name": "Kavaratti"
      },
      {
        "id": "731",
        "district_name": "Kalpeni"
      },
      {
        "id": "732",
        "district_name": "Minicoy"
      }
    ],
    "33": [
      {
        "id": "733",
        "district_name": "Central Delhi"
      },
      {
        "id": "734",
        "district_name": "East Delhi"
      },
      {
        "id": "735",
        "district_name": "New Delhi"
      },
      {
        "id": "736",
        "district_name": "North Delhi"
      },
      {
        "id": "737",
        "district_name": "North East Delhi"
      },
      {
        "id": "738",
        "district_name": "North West Delhi"
      },
      {
        "id": "739",
        "district_name": "Shahdara"
      },
      {
        "id": "740",
        "district_name": "South Delhi"
      },
      {
        "id": "741",
        "district_name": "South East Delhi"
      },
      {
        "id": "742",
        "district_name": "South West Delhi"
      },
      {
        "id": "743",
        "district_name": "West Delhi"
      }
    ],
    "34": [
      {
        "id": "744",
        "district_name": "Karaikal"
      },
      {
        "id": "745",
        "district_name": "Mahe"
      },
      {
        "id": "746",
        "district_name": "Puducherry"
      },
      {
        "id": "747",
        "district_name": "Yanam"
      }
    ],
    "35": [
      {
        "id": "748",
        "district_name": "Anantnag"
      },
      {
        "id": "749",
        "district_name": "Bandipora"
      },
      {
        "id": "750",
        "district_name": "Baramulla"
      },
      {
        "id": "751",
        "district_name": "Budgam"
      },
      {
        "id": "752",
        "district_name": "Doda"
      },
      {
        "id": "753",
        "district_name": "Ganderbal"
      },
      {
        "id": "754",
        "district_name": "Jammu"
      },
      {
        "id": "755",
        "district_name": "Kishtwar"
      },
      {
        "id": "756",
        "district_name": "Kulgam"
      },
      {
        "id": "757",
        "district_name": "Kupwara"
      },
      {
        "id": "758",
        "district_name": "Poonch"
      },
      {
        "id": "759",
        "district_name": "Pulwama"
      },
      {
        "id": "760",
        "district_name": "Rajouri"
      },
      {
        "id": "761",
        "district_name": "Ramban"
      },
      {
        "id": "762",
        "district_name": "Reasi"
      },
      {
        "id": "763",
        "district_name": "Samba"
      },
      {
        "id": "764",
        "district_name": "Shopian"
      },
      {
        "id": "765",
        "district_name": "Srinagar"
      },
      {
        "id": "766",
        "district_name": "Udhampur"
      },
      {
        "id": "767",
        "district_name": "Kargil"
      }
    ],
    "36": [
      {
        "id": "768",
        "district_name": "Kargil"
      },
      {
        "id": "769",
        "district_name": "Leh"
      }
    ]
  }
}